TROPHOSPECIES	ABBREVIATION	PHYLUM_SUBPYLUM	CLASS	ORDER	FAMILY	GROUPSAGITTA_ELEGANS	SAG_ELE	Chaetognatha	Sagittoidea	Aphragmophora	Sagittidae	1_PlanktonEUPHYSA_FLAMMEA	EUP_FLAM	Cnidaria	Hydrozoa	Anthoathecata	Corymorphidae	1_PlanktonSARSIA_SPP	SAR_SPP	Cnidaria	Hydrozoa	Anthoathecata	Corynidae	1_PlanktonDIMOPHYES_ARCTICA	DIM_ARC	Cnidaria	Hydrozoa	Siphonophorae	Diphyidae	1_PlanktonAGLANTHA_DIGITALE	AGL_DIG	Cnidaria	Hydrozoa	Trachymedusae	Rhopalonematidae	1_PlanktonEUKROHNIA_HAMATA	EUK_HAM	Cnidaria	Sagittoidea	Phragmophora	Eukrohniidae	1_PlanktonCYANEA_CAPILLATA	CYA_CAP	Cnidaria	Scyphozoa	Semaeostomeae	Cyaneidae	1_PlanktonAURELIA_AURITA	AUR_AUR	Cnidaria	Scyphozoa	Semaeostomeae	Ulmaridae	1_PlanktonACARTIA_SPP	ACA_SPP	Crustacea	Copepoda	Calanoida	Acartiidae	1_PlanktonCALANUS_FINMARCHICUS	CAL_FIN	Crustacea	Copepoda	Calanoida	Calanidae	1_PlanktonCALANUS_GLACIALIS	CAL_GLA	Crustacea	Copepoda	Calanoida	Calanidae	1_PlanktonCALANUS_HELGOLANDICUS	CAL_HEL	Crustacea	Copepoda	Calanoida	Calanidae	1_PlanktonCALANUS_HYPERBOREUS	CAL_HYP	Crustacea	Copepoda	Calanoida	Calanidae	1_PlanktonMICROCALANUS_SPP	MIC_SPP	Crustacea	Copepoda	Calanoida	Clausocalanidae	1_PlanktonPSEUDOCALANUS_SPP	PSE_SPP	Crustacea	Copepoda	Calanoida	Clausocalanidae	1_PlanktonPAREUCHAETA_GLACIALIS	PAR_GLA	Crustacea	Copepoda	Calanoida	Euchaetidae	1_PlanktonPAREUCHAETA_NORVEGICA	PAR_NOR	Crustacea	Copepoda	Calanoida	Euchaetidae	1_PlanktonPAREUCHAETA_SPP	PAR_SPP	Crustacea	Copepoda	Calanoida	Euchaetidae	1_PlanktonMETRIDIA_LONGA	MET_LON	Crustacea	Copepoda	Calanoida	Metridinidae	1_PlanktonMETRIDIA_LUCENS	MET_LUC	Crustacea	Copepoda	Calanoida	Metridinidae	1_PlanktonOITHONA_SIMILIS	OIT_SIM	Crustacea	Copepoda	Cyclopoida	Oithonidae	1_PlanktonOITHONA_SPINIROSTRIS/ATLANTICA	OIT_SPI	Crustacea	Copepoda	Cyclopoida	Oithonidae	1_PlanktonONCAEA_BOREALIS	ONC_BOR	Crustacea	Copepoda	Poecilostomatoida	Oncaeidae	1_PlanktonAPHERUSA_GLACIALIS	APH_GLA	Crustacea	Malacostraca	Amphipoda/Gammarida	Calliopiidae	1_PlanktonGAMMARUS_WILKITZKII	GAM_WIL	Crustacea	Malacostraca	Amphipoda/Gammaridea	Gammaridae	1_PlanktonONISIMUS_GLACIALIS	ONI_GLA	Crustacea	Malacostraca	Amphipoda/Gammaridea	Uristidae	1_PlanktonONISIMUS_NANSENI	ONI_NAN	Crustacea	Malacostraca	Amphipoda/Gammaridea	Uristidae	1_PlanktonTHEMISTO_ABYSSORUM	THE_ABY	Crustacea	Malacostraca	Amphipoda/Hyperiidea	Hyperiidae	1_PlanktonTHEMISTO_LIBELLULA	THE_LIB	Crustacea	Malacostraca	Amphipoda/Hyperiidea	Hyperiidae	1_PlanktonMEGANYCTIPHANES_NORVEGICA	MEG_NOR	Crustacea	Malacostraca	Euphausiacea	Euphausiidae	1_PlanktonNEMATOSCELIS_MEGALOPS	NEM_MEG	Crustacea	Malacostraca	Euphausiacea	Euphausiidae	1_PlanktonSTYLOCHEIRON_MAXIMUM	STYL_MAX	Crustacea	Malacostraca	Euphausiacea	Euphausiidae	1_PlanktonTHYSANOESSA_INERMIS	THY_INE	Crustacea	Malacostraca	Euphausiacea	Euphausiidae	1_PlanktonTHYSANOESSA_LONGICAUDATA	THY_LON	Crustacea	Malacostraca	Euphausiacea	Euphausiidae	1_PlanktonTHYSANOESSA_RASCHII	THY_RAS	Crustacea	Malacostraca	Euphausiacea	Euphausiidae	1_PlanktonTHYSANOESSA_SP	THY_SP	Crustacea	Malacostraca	Euphausiacea	Euphausiidae	1_PlanktonBEROE_CUCUMIS	BER_CUC	Ctenophora	Nuda	Beroida	Beroidae	1_PlanktonMERTENSIA_OVUM	MER_OVU	Ctenophora	Tentaculata	Cydippida	Mertensiidae	1_PlanktonBOLINOPSIS_INFUNDIBULUM	BOL_INF	Ctenophora	Tentaculata	Lobata	Bolinopsidae	1_PlanktonDIATOM	DIA_IND	Heterokontophyta	Bacillariophyceae	Diatom	Diatom	1_PlanktonMACROALGAE	MAC_IND	Macroalgae	Macroalgae	Macroalgae	Macroalgae	1_PlanktonMIXOTROPHS	MIX_IND	Mixothrops	Mixothrops	Mixothrops	Mixothrops	1_PlanktonCLIONE_LIMACINA	CLI_LIM	Mollusca	Gastropoda	Gymnosomata	Clionidae	1_PlanktonLIMACINA_HELICINA	LIM_HEL	Mollusca	Gastropoda	Thecosomata	Limacinidae	1_PlanktonLIMACINA_RETROVERSA	LIMA_RET	Mollusca	Gastropoda	Thecosomata	Limacinidae	1_PlanktonDETRITUS	DET_IND	NA	NA	NA	NA	1_PlanktonFRITILLARIA_BOREALIS	FRI_BOR	Tunicata	Appendicularia	Copelata	Fritillariidae	1_PlanktonOIKOPLEURA_DIOICA	OIK_DIO	Tunicata	Appendicularia	Copelata	Okiopleuridae	1_PlanktonOIKOPLEURA_SPP	OIK_SPP	Tunicata	Appendicularia	Copelata	Okiopleuridae	1_PlanktonOIKOPLEURA_VANHOEFFENI	OIK_VAN	Tunicata	Appendicularia	Copelata	Okiopleuridae	1_PlanktonPARAMPHINOME_JEFFREYSII	PAR_JEF	Annelida	Polychaeta	Amphinomida	Amphinomidae	2_BenthosSPIRORBIDAE_INDET	SPI_IND	Annelida	Polychaeta	Canalipalpata	Spirorbidae	2_BenthosLUMBRINERIS_SP	LUM_SP	Annelida	Polychaeta	Eunicida	Lumbrineridae	2_BenthosHETEROMASTUS_FILIFORMIS	HET_FIL	Annelida	Polychaeta	NA	Capitellidae	2_BenthosEUCLYMENINAE_INDET	EUC_IND	Annelida	Polychaeta	NA	Maldanidae	2_BenthosLUMBRICLYMENE_MINOR	LUM_MIN	Annelida	Polychaeta	NA	Maldanidae	2_BenthosMALDANE_SARSI	MAL_SAR	Annelida	Polychaeta	NA	Maldanidae	2_BenthosPOLYCHAETA	POLY_IND	Annelida	Polychaeta	NA	NA	2_BenthosSCALIBREGMA_INFLATUM	SCA_INF	Annelida	Polychaeta	NA	Scalibragmatidae	2_BenthosAPHRODITA_ACULEATA	APH_ACU	Annelida	Polychaeta	Phyllodocida	Aphroditidae	2_BenthosPOLYNOIDAE_INDET	POL_IND	Annelida	Polychaeta	Phyllodocida	NA	2_BenthosAGLAOPHAMUS_MALMGRENI	AGL_MAL	Annelida	Polychaeta	Phyllodocida	Nephtyidae	2_BenthosGALATHOWENIA_SP	GAL_SP	Annelida	Polychaeta	Sabellida	Oweniidae	2_BenthosCHONE_SP	CHO_SP	Annelida	Polychaeta	Sabellida	Sabellidae	2_BenthosSPIOCHAETOPTERUS_TYPICUS	SPI_TYP	Annelida	Polychaeta	Spionida	Chaetopteridae	2_BenthosPRIONOSPIO_CIRRIFERA	PRI_CIR	Annelida	Polychaeta	Spionida	Spionidae	2_BenthosSPIOPHANES_KROEYERI	SPI_KRO	Annelida	Polychaeta	Spionida	Spionidae	2_BenthosAPHELOCHAETA_MARIONI	APH_MAR	Annelida	Polychaeta	Terebellida	Cirratulidae	2_BenthosCHAETOZONE_SP	CHA_SP	Annelida	Polychaeta	Terebellida	Cirratulidae	2_BenthosCIRRATULIDAE_INDET	CIR_IND	Annelida	Polychaeta	Terebellida	NA	2_BenthosTEREBELLIDES_STROEMI	TER_STRO	Annelida	Polychaeta	Terebellida	Trichobranchidae	2_BenthosPYCNOGONIDA_G_SP	PYC_G_SP	Arthropoda	NA	NA	NA	2_BenthosELECTRA_ARCTICA	ELE_ARC	Bryozoa	Gymnolaemata	Cheilostomatida	Electrodea	2_BenthosASCIDIACEA_G_SP	ASC_G_SP	Chordata	Ascidiacea	NA	NA	2_BenthosMETRIDIUM_SENILE	MET_SEN	Cnidaria	Anthozoa	Actiniaria	Metridiidae	2_BenthosACTINIARIA_G_SP	ACT_G_SP	Cnidaria	Anthozoa	Actiniaria		2_BenthosNEPHTHEIDAE_SP	NEP_SP	Cnidaria	Anthozoa	Alcyonacea		2_BenthosPARALITHODES_CAMTSCHATICUS	PAR_CAM	Crustacea	Decapoda	Lithodoidea	Lithodidae	2_BenthosDECAPODA_INDET	DEC_IND	Crustacea	Decapoda	NA	NA	2_BenthosRHACHOTROPIS_MACROPUS	RHA_MAC	Crustacea	Malacostraca	Amphipoda	Eusiridae	2_BenthosARRHIS_PHYLLONYX	ARR_PHY	Crustacea	Malacostraca	Amphipoda	Gammaridae	2_BenthosGAMMARIDAE_INDET	GAM_IND	Crustacea	Malacostraca	Amphipoda	Gammaridae	2_BenthosPONTOPHILUS_NORVEGICUS	PON_NOR	Crustacea	Malacostraca	Decapoda	Crangonidae	2_BenthosSABINEA_SP	SAB_SP	Crustacea	Malacostraca	Decapoda	Crangonidae	2_BenthosSCLEROCRANGON_FEROX	SCL_FER	Crustacea	Malacostraca	Decapoda	Crangonidae	2_BenthosGERYON_TRISPINOSUS	GER_TRI	Crustacea	Malacostraca	Decapoda	Geryonidae	2_BenthosMUNIDA_SARSI	MUN_SAR	Crustacea	Malacostraca	Decapoda	Munididae	2_BenthosMUNIDA_TENUIMANA	MUN_TEN	Crustacea	Malacostraca	Decapoda	Munididae	2_BenthosCHIONOECETES_OPILIO	CHI_OPI	Crustacea	Malacostraca	Decapoda	Oregoniidae	2_BenthosHYAS_SP	HYA_SP	Crustacea	Malacostraca	Decapoda	Oregoniidae	2_BenthosPAGURUS_PUBESCENS	PAG_PUB	Crustacea	Malacostraca	Decapoda	Paguridae	2_BenthosPAGURUS_SP	PAG_SP	Crustacea	Malacostraca	Decapoda	Paguridae	2_BenthosPANDALUS_BOREALIS	PAN_BOR	Crustacea	Malacostraca	Decapoda	Pandalidae	2_BenthosEUSERGESTES_ARCTICUS	EUS_ARC	Crustacea	Malacostraca	Decapoda	Sergestidae	2_BenthosNYCTIPHANES_COUCHII	NYC_COU	Crustacea	Malacostraca	Euphausiacea	Euphausiidae	2_BenthosASELLOTA_INDET	ASE_IND	Crustacea	Malacostraca	Isopoda	NA	2_BenthosERYTHROPS_SP	ERY_SP	Crustacea	Malacostraca	Mysida	Mysidae	2_BenthosBALANUS_SP	BAL_SP	Crustacea	Maxillopoda	Sessilia	Balanidae	2_BenthosOSTRACODA_INDET	OST_IND	Crustacea	Ostracoda	NA	NA	2_BenthosASTERIAS_RUBENS	AST_RUB	Echinodermata	Asteroidea	Forcipulatida	Asteriidae	2_BenthosURASTERIAS_LINCKII	URA_LIN	Echinodermata	Asteroidea	Forcipulatida	Asteriidae	2_BenthosPONTASTER_TENUISPINUS	PON_TEN	Echinodermata	Asteroidea	Notomyotida	Benthopectinidae	2_BenthosCTENODISCUS_CRISPATUS	CTE_CRI	Echinodermata	Asteroidea	Paxillosida	Ctenodiscidae	2_BenthosCROSSASTER_PAPPOSUS	CRO_PAP	Echinodermata	Asteroidea	Valvatida	Solasteridae	2_BenthosHELIOMETRA_GLACIALIS	HEL_GLA	Echinodermata	Crinoidea	Comatulida	Antedonidae	2_BenthosECHINUS_ESCULENTUS	ECHI_ASC	Echinodermata	Echinoidea	Camarodonta	Echinidae	2_BenthosGRACILECHINUS_ACUTUS	GRA_ACU	Echinodermata	Echinoidea	Camarodonta	Echinidae	2_BenthosSTRONGYLOCENTROTUS_SP	STRO_SP	Echinodermata	Echinoidea	Camarodonta	Strongylocentrotidae	2_BenthosSTICHOPUS_TREMULUS	STI_TRE	Echinodermata	Holothuroidea	Aspidochirotida	Stichopodidae	2_BenthosCUCUMARIA_FRONDOSA	CUC_FRO	Echinodermata	Holothuroidea	Dendrochirotidea	Cucumariidae	2_BenthosMOLPADIA_BOREALIS	MOL_BOR	Echinodermata	Holothuroidea	Molpadida	Molpadiidae	2_BenthosGORGONOCEPHALUS_SP	GOR_SP	Echinodermata	Ophiuroidea	Euryalida	Gorgonocephalidae	2_BenthosOPHIACANTHA_BIDENTATA	OPI_BID	Echinodermata	Ophiuroidea	Ophiurida	Ophiacanthidae	2_BenthosOPHIOPHOLIS_ACULEATA	OPHS_ACU	Echinodermata	Ophiuroidea	Ophiurida	Ophiactidae	2_BenthosOPHIOSCOLEX_GLACIALIS	OPH_GLA	Echinodermata	Ophiuroidea	Ophiurida	Ophiomyxidae	2_BenthosOPHIOCTEN_SERICEUM	OPH_SER	Echinodermata	Ophiuroidea	Ophiurida	Ophiuridae	2_BenthosOPHIOPLEURA_BOREALIS	OPH_BOR	Echinodermata	Ophiuroidea	Ophiurida	Ophiuridae	2_BenthosOPHIURA_SP	OPH_SP	Echinodermata	Ophiuroidea	Ophiurida	Ophiuridae	2_BenthosFORAMINIFERA	FORAM	Foraminifera	NA	NA	NA	2_BenthosBATHYARCA_GLACIALIS	BAT_GLA	Mollusca	Bivalvia	Arcoida	Arcidae	2_BenthosASTARTE_CRENATA	AST_CRE	Mollusca	Bivalvia	Carditoida	Astartidae	2_BenthosASTARTE_SP	AST_SP	Mollusca	Bivalvia	Carditoida	Astartidae	2_BenthosMENDICULA_FERRUGINOSA	MEN_FER	Mollusca	Bivalvia	Lucinoida	Thyasiridae	2_BenthosTHYASIRA_GOULDI	THY_GOU	Mollusca	Bivalvia	Lucinoida	Thyasiridae	2_BenthosMYTILUS_EDULIS	MYT_EDU	Mollusca	Bivalvia	Mytiloida	Mytilidae	2_BenthosYOLDIELLA_SOLIDULA	YOL_SOL	Mollusca	Bivalvia	Nuculanoida	Yoldiidae	2_BenthosCHLAMYS_ISLANDICA	CHL_ISL	Mollusca	Bivalvia	Pectinoida	Pectinidae	2_BenthosSIMILIPECTEN_GREENLANDICUS	SIM_GRE	Mollusca	Bivalvia	Pectinoida	Propeamussiidae	2_BenthosSERRIPES_GROENLANDICUS	SER_GRO	Mollusca	Bivalvia	Veneroida	Cardiidae	2_BenthosMACOMA_SP	MAC_SP	Mollusca	Bivalvia	Veneroida	Tellinidae	2_BenthosGONATUS_FABRICII	GON_FAB	Mollusca	Cephalopoda	Oegopsida	Gonatidae	2_BenthosROSSIA_SP	ROS_SP	Mollusca	Cephalopoda	Sepiolida	Sepiolidae	2_BenthosBUCCINIDAE_SP	BUC_SP	Mollusca	Gastropoda	Neogastropoda	Buccinoidea	2_BenthosCOLUS_SABINI	COL_SAB	Mollusca	Gastropoda	Neogastropoda	Buccinoidea	2_BenthosGEODIA_SP	GEO_SP	Porifera	Demospongiae	Astrophorida	Geodiidae	2_BenthosPORIFERA_G_SP	POR_G_SP	Porifera	NA	NA	NA	2_BenthosPHASCOLION_STROMBUS	PHA_STRO	Sipunculida	Sipunculidea	Golfingiida	Phascolionidae	2_BenthosCIONA_INTESTINALIS	CIO_INT	Tunicata	Ascidiacea	Phlebobranchia	Cionidae	2_BenthosARCTOZENUS_RISSO	ARC_RIS	Vertebrata	Actinopterygii	Aulopiformes	Paralepididae	3_FishCLUPEA_HARENGUS	CLU_HAR	Vertebrata	Actinopterygii	Clupeiformes	Clupeidae	3_FishARCTOGADUS_GLACIALIS	ARC_GLA	Vertebrata	Actinopterygii	Gadiformes	Gadidae	3_FishBOREOGADUS_SAIDA	BOR_SAI	Vertebrata	Actinopterygii	Gadiformes	Gadidae	3_FishGADICULUS_ARGENTEUS	GAD_ARG	Vertebrata	Actinopterygii	Gadiformes	Gadidae	3_FishGADUS_MORHUA	GAD_MOR	Vertebrata	Actinopterygii	Gadiformes	Gadidae	3_FishMELANOGRAMMUS_AEGLEFINUS	MEL_AEG	Vertebrata	Actinopterygii	Gadiformes	Gadidae	3_FishMERLANGIUS_MERLANGUS	MER_MER	Vertebrata	Actinopterygii	Gadiformes	Gadidae	3_FishMICROMESISTIUS_POUTASSOU	MIC_POU	Vertebrata	Actinopterygii	Gadiformes	Gadidae	3_FishPOLLACHIUS_POLLACHIUS	POL_POL	Vertebrata	Actinopterygii	Gadiformes	Gadidae	3_FishPOLLACHIUS_VIRENS	POL_VIR	Vertebrata	Actinopterygii	Gadiformes	Gadidae	3_FishTRISOPTERUS_ESMARKII	TRIS_ESM	Vertebrata	Actinopterygii	Gadiformes	Gadidae	3_FishBROSME_BROSME	BRO_BRO	Vertebrata	Actinopterygii	Gadiformes	Lotidae	3_FishENCHELYOPUS_CIMBRIUS	ENC_CIM	Vertebrata	Actinopterygii	Gadiformes	Lotidae	3_FishGAIDROPSARUS_ARGENTATUS	GAI_ARG	Vertebrata	Actinopterygii	Gadiformes	Lotidae	3_FishMOLVA_DIPTERYGIA	MOL_DIP	Vertebrata	Actinopterygii	Gadiformes	Lotidae	3_FishMOLVA_MOLVA	MOL_MOL	Vertebrata	Actinopterygii	Gadiformes	Lotidae	3_FishMACROURUS_BERGLAX	MAC_BER	Vertebrata	Actinopterygii	Gadiformes	Macrouridae	3_FishGASTEROSTEUS_ACULEATUS	GAS_ACU	Vertebrata	Actinopterygii	Gasterosteiformes	Gasterosteidae	3_FishBENTHOSEMA_GLACIALE	BEN_GLA	Vertebrata	Actinopterygii	Myctophiformes	Myctophidae	3_FishFISH_EGG_AND_LARVAE	FIS_EAL	Vertebrata	Actinopterygii	NA	NA	3_FishARGENTINA_SILUS	ARG_SIL	Vertebrata	Actinopterygii	Osmeriformes	Argentinidae	3_FishMALLOTUS_VILLOSUS	MAL_VIL	Vertebrata	Actinopterygii	Osmeriformes	Osmeridae	3_FishAMMODYTES_MARINUS	AMM_MAR	Vertebrata	Actinopterygii	Perciformes	Ammodytidae	3_FishAMMODYTES_SPP	"AM,_SPP"	Vertebrata	Actinopterygii	Perciformes	Ammodytidae	3_FishANARHICHAS_DENTICULATUS	ANA_DEN	Vertebrata	Actinopterygii	Perciformes	Anarhichadidae	3_FishANARHICHAS_LUPUS	ANA_LUP	Vertebrata	Actinopterygii	Perciformes	Anarhichadidae	3_FishANARHICHAS_MINOR	ANA_MIN	Vertebrata	Actinopterygii	Perciformes	Anarhichadidae	3_FishSCOMBER_SCOMBRUS	SCO_SCO	Vertebrata	Actinopterygii	Perciformes	Scombridae	3_FishANISARCHUS_MEDIUS	ANI_MED	Vertebrata	Actinopterygii	Perciformes	Stichaeidae	3_FishLEPTOCLINUS_MACULATUS	LEP_MAC	Vertebrata	Actinopterygii	Perciformes	Stichaeidae	3_FishLUMPENUS_FABRICII	LUM_FAB	Vertebrata	Actinopterygii	Perciformes	Stichaeidae	3_FishLUMPENUS_LAMPRETAEFORMIS	LUM_LAM	Vertebrata	Actinopterygii	Perciformes	Stichaeidae	3_FishGYMNELUS_SPP	GYM_SPP	Vertebrata	Actinopterygii	Perciformes	Zoarcidae	3_FishLYCENCHELYS_KOLTHOFFI	LYC_KOL	Vertebrata	Actinopterygii	Perciformes	Zoarcidae	3_FishLYCODES_ESMARKII	LYC_ESM	Vertebrata	Actinopterygii	Perciformes	Zoarcidae	3_FishLYCODES_EUDIPLEUROSTICTUS	LYC_EUD	Vertebrata	Actinopterygii	Perciformes	Zoarcidae	3_FishLYCODES_FRIGIDUS	LYC_FRI	Vertebrata	Actinopterygii	Perciformes	Zoarcidae	3_FishLYCODES_GRACILIS	LYC_GRA	Vertebrata	Actinopterygii	Perciformes	Zoarcidae	3_FishLYCODES_PALLIDUS	LYC_PAL	Vertebrata	Actinopterygii	Perciformes	Zoarcidae	3_FishLYCODES_RETICULATUS	LYC_RET	Vertebrata	Actinopterygii	Perciformes	Zoarcidae	3_FishLYCODES_ROSSI	LYC_ROS	Vertebrata	Actinopterygii	Perciformes	Zoarcidae	3_FishLYCODES_SEMINUDUS	LYC_SEM	Vertebrata	Actinopterygii	Perciformes	Zoarcidae	3_FishGLYPTOCEPHALUS_CYNOGLOSSUS	GLY_CYN	Vertebrata	Actinopterygii	Pleuronectiformes	Pleuronectidae	3_FishHIPPOGLOSSUS_HIPPOGLOSSUS	HIP_HIP	Vertebrata	Actinopterygii	Pleuronectiformes	Pleuronectidae	3_FishHIPPOGLOSSOIDES_PLATESSOIDES	HIP_PLA	Vertebrata	Actinopterygii	Pleuronectiformes	Pleuronectidae	3_FishLIMANDA_LIMANDA	LIM_LIM	Vertebrata	Actinopterygii	Pleuronectiformes	Pleuronectidae	3_FishMICROSTOMUS_KITT	MIC_KIT	Vertebrata	Actinopterygii	Pleuronectiformes	Pleuronectidae	3_FishPLEURONECTES_PLATESSA	PLE_PLA	Vertebrata	Actinopterygii	Pleuronectiformes	Pleuronectidae	3_FishREINHARDTIUS_HIPPOGLOSSOIDES	REI_HIP	Vertebrata	Actinopterygii	Pleuronectiformes	Pleuronectidae	3_FishAGONUS_CATAPHRACTUS	AGO_CAT	Vertebrata	Actinopterygii	Scorpaeniformes	Agonidae	3_FishLEPTAGONUS_DECAGONUS	LEP_DEC	Vertebrata	Actinopterygii	Scorpaeniformes	Agonidae	3_FishULCINA_OLRIKII	ULC_OLR	Vertebrata	Actinopterygii	Scorpaeniformes	Agonidae	3_FishARTEDIELLUS_ATLANTICUS	ART_ATL	Vertebrata	Actinopterygii	Scorpaeniformes	Cottidae	3_FishGYMNOCANTHUS_TRICUSPIS	GYM_TRI	Vertebrata	Actinopterygii	Scorpaeniformes	Cottidae	3_FishICELUS_SPP	ICE_SPP	Vertebrata	Actinopterygii	Scorpaeniformes	Cottidae	3_FishMYOXOCEPHALUS_SCORPIUS	MYO_SCO	Vertebrata	Actinopterygii	Scorpaeniformes	Cottidae	3_FishTRIGLOPS_MURRAYI	TRI_MUR	Vertebrata	Actinopterygii	Scorpaeniformes	Cottidae	3_FishTRIGLOPS_NYBELINI	TRI_NYB	Vertebrata	Actinopterygii	Scorpaeniformes	Cottidae	3_FishTRIGLOPS_PINGELII	TRI_PIN	Vertebrata	Actinopterygii	Scorpaeniformes	Cottidae	3_FishCAREPROCTUS_SP	CAR_SP	Vertebrata	Actinopterygii	Scorpaeniformes	Cyclopteridae	3_FishCYCLOPTERUS_LUMPUS	CYC_LUM	Vertebrata	Actinopterygii	Scorpaeniformes	Cyclopteridae	3_FishEUMICROTREMUS_SPINOSUS	EUM_SPI	Vertebrata	Actinopterygii	Scorpaeniformes	Cyclopteridae	3_FishLIPARIS_FABRICII	LIP_FAB	Vertebrata	Actinopterygii	Scorpaeniformes	Cyclopteridae	3_FishLIPARIS_GIBBUS	LIP_GIB	Vertebrata	Actinopterygii	Scorpaeniformes	Cyclopteridae	3_FishLIPARIS_MONTAGUI	LIP_MON	Vertebrata	Actinopterygii	Scorpaeniformes	Cyclopteridae	3_FishPARALIPARIS_BATHYBIUS	PAR_BAT	Vertebrata	Actinopterygii	Scorpaeniformes	Cyclopteridae	3_FishCOTTUNCULUS_MICROPS	COT_MIC	Vertebrata	Actinopterygii	Scorpaeniformes	Psychrolutidae	3_FishSEBASTES_MARINUS	SEB_MAR	Vertebrata	Actinopterygii	Scorpaeniformes	Sebastidae	3_FishSEBASTES_MENTELLA	SEB_MEN	Vertebrata	Actinopterygii	Scorpaeniformes	Sebastidae	3_FishSEBASTES_SP	SEB_SP	Vertebrata	Actinopterygii	Scorpaeniformes	Sebastidae	3_FishSEBASTES_VIVIPARUS	SEB_VIV	Vertebrata	Actinopterygii	Scorpaeniformes	Sebastidae	3_FishMAUROLICUS_MUELLERI	MAU_MUL	Vertebrata	Actinopterygii	Stomiiformes	Sternoptychidae	3_FishBATHYRAJA_SPINICAUDA	BAT_SPI	Vertebrata	Elasmobranchii	Rajiformes	Arhynchobatidae	3_FishAMBLYRAJA_HYPERBOREA	AMB_HYP	Vertebrata	Elasmobranchii	Rajiformes	Rajidae	3_FishAMBLYRAJA_RADIATA	AMB_RAD	Vertebrata	Elasmobranchii	Rajiformes	Rajidae	3_FishDIPTURUS_BATIS	DIP_BAT	Vertebrata	Elasmobranchii	Rajiformes	Rajidae	3_FishRAJELLA_FYLLAE	RAJ_FYL	Vertebrata	Elasmobranchii	Rajiformes	Rajidae	3_FishSOMNIOSUS_MICROCEPHALUS	SOM_MIC	Vertebrata	Elasmobranchii	Squaliformes	Dalatiidae	3_FishETMOPTERUS_SPINAX	ETM_SPI	Vertebrata	Elasmobranchii	Squaliformes	Squalidae	3_FishSQUALUS_ACANTHIAS	SQU_ACA	Vertebrata	Elasmobranchii	Squaliformes	Squalidae	3_FishCHIMAERA_MONSTROSA	CHI_MON	Vertebrata	Holocephali	Chimaeriformes	Chimaeridae	3_FishALLE_ALLE	ALL_ALL	Vertebrata	Aves	Charadriiformes	Alcidae	4_BirdsFRATERCULA_ARCTICA	FRA_ARC	Vertebrata	Aves	Charadriiformes	Alcidae	4_BirdsURIA_AALGE	URI_AAL	Vertebrata	Aves	Charadriiformes	Alcidae	4_BirdsURIA_LOMVIA	URI_LOM	Vertebrata	Aves	Charadriiformes	Alcidae	4_BirdsLARUS_ARGENTATUS	LAR_ARG	Vertebrata	Aves	Charadriiformes	Laridae	4_BirdsLARUS_HYPERBOREUS	LAR_HYP	Vertebrata	Aves	Charadriiformes	Laridae	4_BirdsLARUS_MARINUS	LAR_MAR	Vertebrata	Aves	Charadriiformes	Laridae	4_BirdsRISSA_TRIDACTYLA	RIS_TRI	Vertebrata	Aves	Charadriiformes	Laridae	4_BirdsFULMARUS_GLACIALIS	FUL_GLA	Vertebrata	Aves	Procellariiformes	Procellariidae	4_BirdsODOBENUS_ROSMARUS	ODO_ROS	Vertebrata	Mammalia	Carnivora	Odobenidae	5_MammalsCYSTOPHORA_CRISTATA	CYS_CRIS	Vertebrata	Mammalia	Carnivora	Phocidae	5_MammalsERIGNATHUS_BARBATUS	ERI_BAR	Vertebrata	Mammalia	Carnivora	Phocidae	5_MammalsPAGOPHILUS_GROENLANDICUS	PAG_GRO	Vertebrata	Mammalia	Carnivora	Phocidae	5_MammalsPHOCA_HISPIDA	PHO_HIS	Vertebrata	Mammalia	Carnivora	Phocidae	5_MammalsURSUS_MARITIMUS	URS_MAR	Vertebrata	Mammalia	Carnivora	Ursidae	5_MammalsBALAENOPTERA_ACUTOROSTRATA	BAL_ACU	Vertebrata	Mammalia	Cetartiodactyla	Balaenopteridae	5_MammalsBALAENOPTERA_PHYSALUS	BAL_PHY	Vertebrata	Mammalia	Cetartiodactyla	Balaenopteridae	5_MammalsMEGAPTERA_NOVAEANGLIAE	MEG_NOV	Vertebrata	Mammalia	Cetartiodactyla	Balaenopteridae	5_MammalsDELPHINAPTERUS_LEUCAS	DEL_LEU	Vertebrata	Mammalia	Cetartiodactyla	Delphinidae	5_MammalsLAGENORHYNCHUS_ALBIROSTRIS	LAG_ALB	Vertebrata	Mammalia	Cetartiodactyla	Delphinidae	5_MammalsORCINUS_ORCA	ORC_ORC	Vertebrata	Mammalia	Cetartiodactyla	Delphinidae	5_MammalsMONODON_MONOCEROS	MON_MON	Vertebrata	Mammalia	Cetartiodactyla	Monodontidae	5_MammalsPHOCOENA_PHOCOENA	PHO_PHO	Vertebrata	Mammalia	Cetartiodactyla	Phocoenidae	5_MammalsPHYSETER_MACROCEPHALUS	PHY_MAC	Vertebrata	Mammalia	Cetartiodactyla	Physeteridae	5_Mammals